{"cameraMode":{"drawMode":0,"name":"Shaded","section":"Shading Mode"},"sceneLighting":true,"audioPlay":false,"sceneViewState":{"showFog":true,"showMaterialUpdate":false,"showSkybox":true,"showFlares":true,"showImageEffects":true,"showParticleSystems":true,"showVisualEffectGraphs":true,"m_FxEnabled":true},"in2DMode":false,"pivot":{"x":10.35653305053711,"y":-14.467023849487305,"z":24.582082748413087},"rotation":{"x":0.2860422730445862,"y":-0.014847327023744583,"z":0.004766670521348715,"w":0.9581409096717835},"size":17.264007568359376,"orthographic":false}