{"cameraMode":{"drawMode":0,"name":"Shaded","section":"Shading Mode"},"sceneLighting":true,"audioPlay":false,"sceneViewState":{"showFog":true,"showMaterialUpdate":false,"showSkybox":true,"showFlares":true,"showImageEffects":true,"showParticleSystems":true,"showVisualEffectGraphs":true,"m_FxEnabled":true},"in2DMode":false,"pivot":{"x":0.9771203398704529,"y":0.9750952124595642,"z":1.4449430704116822},"rotation":{"x":-0.36737629771232607,"y":-0.013156071305274964,"z":0.0050821914337575439,"w":-0.9299863576889038},"size":2.6985929012298586,"orthographic":false}