{"cameraMode":{"drawMode":0,"name":"Shaded","section":"Shading Mode"},"sceneLighting":true,"audioPlay":false,"sceneViewState":{"showFog":true,"showMaterialUpdate":false,"showSkybox":true,"showFlares":true,"showImageEffects":true,"showParticleSystems":true,"showVisualEffectGraphs":true,"m_FxEnabled":true},"in2DMode":false,"pivot":{"x":-5.187678337097168,"y":0.2081957757472992,"z":0.1331791877746582},"rotation":{"x":-0.08358064293861389,"y":-0.03199490159749985,"z":0.002577460603788495,"w":-0.9960052371025086},"size":0.7116405367851257,"orthographic":false}