{"cameraMode":{"drawMode":0,"name":"Shaded","section":"Shading Mode"},"sceneLighting":true,"audioPlay":false,"sceneViewState":{"showFog":true,"showMaterialUpdate":false,"showSkybox":true,"showFlares":true,"showImageEffects":true,"showParticleSystems":true,"showVisualEffectGraphs":true,"m_FxEnabled":true},"in2DMode":false,"pivot":{"x":-1.5168474912643433,"y":-35.847408294677737,"z":10.487163543701172},"rotation":{"x":-0.5890195369720459,"y":0.029513567686080934,"z":-0.02163260616362095,"w":-0.8073281645774841},"size":22.993209838867189,"orthographic":false}