{"cameraMode":{"drawMode":0,"name":"Shaded","section":"Shading Mode"},"sceneLighting":true,"audioPlay":false,"sceneViewState":{"showFog":true,"showMaterialUpdate":false,"showSkybox":true,"showFlares":true,"showImageEffects":true,"showParticleSystems":true,"showVisualEffectGraphs":true,"m_FxEnabled":true},"in2DMode":false,"pivot":{"x":3.3095715045928957,"y":-12.34775161743164,"z":14.632317543029786},"rotation":{"x":0.4491569697856903,"y":0.06514471024274826,"z":-0.032611265778541568,"w":0.8905348181724548},"size":11.617027282714844,"orthographic":false}