{"cameraMode":{"drawMode":0,"name":"Shaded","section":"Shading Mode"},"sceneLighting":true,"audioPlay":false,"sceneViewState":{"showFog":true,"showMaterialUpdate":false,"showSkybox":true,"showFlares":true,"showImageEffects":true,"showParticleSystems":true,"showVisualEffectGraphs":true,"m_FxEnabled":true},"in2DMode":false,"pivot":{"x":-5.312950611114502,"y":1.815448522567749,"z":-1.3750925064086915},"rotation":{"x":-0.2344723790884018,"y":-0.019561419263482095,"z":0.004625781439244747,"w":-0.9719486832618713},"size":0.6948767900466919,"orthographic":false}