{"cameraMode":{"drawMode":0,"name":"Shaded","section":"Shading Mode"},"sceneLighting":true,"audioPlay":false,"sceneViewState":{"showFog":true,"showMaterialUpdate":false,"showSkybox":true,"showFlares":true,"showImageEffects":true,"showParticleSystems":true,"showVisualEffectGraphs":true,"m_FxEnabled":true},"in2DMode":false,"pivot":{"x":-0.06487099826335907,"y":1.0011887550354005,"z":1.1439154148101807},"rotation":{"x":-0.48790159821510317,"y":-0.011052348650991917,"z":0.0060583180747926239,"w":-0.8728291988372803},"size":2.9660251140594484,"orthographic":false}